Company,Status,PDF_Report_DE,PDF_REPORT_EN,ZIP_REPORT_DE,ZIP_REPORT_EN,ESG,ESG EN,Notes
Addiko Bank AG,Complete,https://www.wienerborse.at/aktien-prime-market/addiko-bank-ag-AT000ADDIKO0/unternehmensprofil/?c2093%5Bfile%5D=VtCykYJZI2pmnNXPtuIm0A,https://www.wienerborse.at/en/stock-prime-market/addiko-bank-ag-AT000ADDIKO0/company-profile/?c11403%5Bfile%5D=8HvfIvaA2HiijBAPdP0-5A,https://www.wienerborse.at/aktien-prime-market/addiko-bank-ag-AT000ADDIKO0/unternehmensprofil/?c2093%5Bfile%5D=A6p7GfOxJSb9v6wJIVfojQ,,https://www.addiko.at/uploads/2024/04/Addiko-Bank-AG-Sustainability-Report-2023-DE-1.pdf,,
Agrana Beteiligungs-AG,Complete,https://www.wienerborse.at/aktien-prime-market/agrana-beteiligungs-ag-AT000AGRANA3/unternehmensprofil/?c2093%5Bfile%5D=D9xLwd25JICZ9pzLq15wDQ,https://www.wienerborse.at/en/stock-prime-market/agrana-beteiligungs-ag-AT000AGRANA3/company-profile/?c11403%5Bfile%5D=5FNZeSytQkREOPvykE_9bg,https://www.wienerborse.at/aktien-prime-market/agrana-beteiligungs-ag-AT000AGRANA3/unternehmensprofil/?c2093%5Bfile%5D=MeU2_jsW6-D82YTSi-qe8A,,https://reports.agrana.com/fileadmin/inhalte/2024/AGRANA_iGB_2023_24_DE_web.pdf,https://www.agrana.com/fileadmin/inhalte/agrana_group/annual_reports/2022_23/AGRANA_iAR_2022_23_EN_web.pdf,Integrated report
AMAG Austria Metall AG,NO_PDF_DE,,https://www.wienerborse.at/en/stock-prime-market/amag-austria-metall-ag-AT00000AMAG3/company-profile/?c11403%5Bfile%5D=11Zrb26PSNJ547t-MG-g4Q,https://www.wienerborse.at/aktien-prime-market/amag-austria-metall-ag-AT00000AMAG3/unternehmensprofil/?c2093%5Bfile%5D=jNDpcbn0UT7UVRg-3rpxjg,,https://www.amag-al4u.com/fileadmin/user_upload/amag/Investor_Relations/Publikationen/2023/AMAG_GJ2023_Finanzbericht_de_01.pdf,https://www.amag-al4u.com/fileadmin/user_upload/amag/Investor_Relations/Publikationen/2023/AMAG_GJ2023_Finanzbericht_en_01.pdf#page=7,Integrated report
Andritz AG,Complete,https://www.wienerborse.at/aktien-prime-market/andritz-ag-AT0000730007/unternehmensprofil/?c2093%5Bfile%5D=ed4hEJSTRyo8Fpc21cHXvQ,https://www.wienerborse.at/en/stock-prime-market/andritz-ag-AT0000730007/company-profile/?c11403%5Bfile%5D=jJmLYHlZyK7ljnx3vzpYwQ,https://www.wienerborse.at/aktien-prime-market/andritz-ag-AT0000730007/unternehmensprofil/?c2093%5Bfile%5D=cPhUVDH-ny_6RvLvXDONIQ,,https://www.andritz.com/resource/blob/542952/21598e3a4058bd84a4b94e855773a3f3/andritz-financial-report-2023-e-data.pdf,https://www.andritz.com/resource/blob/542952/21598e3a4058bd84a4b94e855773a3f3/andritz-financial-report-2023-e-data.pdf,Integrated report
AT&S Austria Tech.&Systemtech.,Complete,https://www.wienerborse.at/aktien-prime-market/at-s-austria-tech-systemtech-AT0000969985/unternehmensprofil/?c2093%5Bfile%5D=Fas4LIsifeINymvxY-yjFQ,https://www.wienerborse.at/en/stock-prime-market/at-s-austria-tech-systemtech-AT0000969985/company-profile/?c11403%5Bfile%5D=yAUcnPoRda6JYqySxdo9mA,https://www.wienerborse.at/aktien-prime-market/at-s-austria-tech-systemtech-AT0000969985/unternehmensprofil/?c2093%5Bfile%5D=OiTK2nVemK-9TUVPtFMZ-w,https://www.wienerborse.at/en/stock-prime-market/at-s-austria-tech-systemtech-AT0000969985/company-profile/?c11403%5Bfile%5D=HwNCo1UzugPbor88-j6_QA,https://ats.net/download/nachhaltigkeitsbericht-2023-24/?wpdmdl=34703&refresh=668ea5ef05b4d1720624623,https://ats.net/en/download/sustainability-report-2023-24/?wpdmdl=34704&refresh=67627f339f2fc1734508339,Standalone
AUSTRIACARD HOLDINGS AG,NO_PDFS,,,https://www.wienerborse.at/aktien-prime-market/austriacard-holdings-ag-AT0000A325L0/unternehmensprofil/?c2093%5Bfile%5D=zfDtsJQ0Ch_2gGo1NuAJUA,https://www.wienerborse.at/en/stock-prime-market/austriacard-holdings-ag-AT0000A325L0/company-profile/?c11403%5Bfile%5D=9bNSBiaiq0xtHYLHmf8UKQ,https://www.austriacard.com/wp-content/uploads/2024/03/2023-_-ACAG-NFRD-DE-.pdf,https://www.austriacard.com/wp-content/uploads/2024/06/2023_ACAG-NFRD-EN.pdf,Does not follow standards 
BAWAG Group AG,NO_PDF_DE,,https://www.wienerborse.at/en/stock-prime-market/bawag-group-ag-AT0000BAWAG2/company-profile/?c11403%5Bfile%5D=XH6N_HLQOmKGxufkNkDqXA,https://www.wienerborse.at/aktien-prime-market/bawag-group-ag-AT0000BAWAG2/unternehmensprofil/?c2093%5Bfile%5D=6fl-XCLeE4iIKMy7c6u0Sw,,https://www.bawaggroup.com/resource/blob/78994/5b2f73a859493e7c2a32336d3e88c0e9/consolidated-non-financial-report-for-the-financial-year-2023-data.pdf,https://www.bawaggroup.com/resource/blob/78994/5b2f73a859493e7c2a32336d3e88c0e9/consolidated-non-financial-report-for-the-financial-year-2023-data.pdf,Standalone
CA Immobilien Anlagen AG,NO_PDF_DE,,https://www.wienerborse.at/en/stock-prime-market/ca-immobilien-anlagen-ag-AT0000641352/company-profile/?c11403%5Bfile%5D=w5O6yldarLi9YxA-LByFTA,https://www.wienerborse.at/aktien-prime-market/ca-immobilien-anlagen-ag-AT0000641352/unternehmensprofil/?c2093%5Bfile%5D=qTSBMe4fLtTC68P2le7y_Q,,https://www.caimmo.com/fileadmin/documents/ESG_Nachhaltigkeit/Nachhaltigkeitsbericht_2023.pdf,https://www.caimmo.com/fileadmin/documents/ESG_Nachhaltigkeit/ESG_Report_2023_01.pdf,Standalone
DO & CO AG,NO_PDFS,,,https://www.wienerborse.at/aktien-prime-market/do-co-aktiengesellschaft-AT0000818802/unternehmensprofil/?c2093%5Bfile%5D=QWbvt-UeUibMa_j15s18pw,https://www.wienerborse.at/en/stock-prime-market/do-co-aktiengesellschaft-AT0000818802/company-profile/?c11403%5Bfile%5D=DX-w4MKW3w8uDerv4t7YGQ,https://www.doco.com/Portals/8/dokumente/de/Hauptversammlung/2024/CSR-Report_DE_GJ2324.pdf,https://www.doco.com/Portals/8/dokumente/en/Hauptversammlung/2024/CSR-Report_EN_FY2324.pdf,Standalone
Erste Group Bank AG,Complete,https://www.wienerborse.at/aktien-prime-market/erste-group-bank-ag-AT0000652011/unternehmensprofil/?c2093%5Bfile%5D=nOAiIewo2rJbZd8Z0RHMCg,https://www.wienerborse.at/en/stock-prime-market/erste-group-bank-ag-AT0000652011/company-profile/?c11403%5Bfile%5D=VOA3wu0PLAECTi49Knjh5g,https://www.wienerborse.at/aktien-prime-market/erste-group-bank-ag-AT0000652011/unternehmensprofil/?c2093%5Bfile%5D=REVr3IQKHXK8yRt3s7dxsw,,https://cdn0.erstegroup.com/content/dam/at/eh/www_erstegroup_com/en/Investor_Relations/onlineAR2023/ar23reports/AR2023_non-financial_report_en.pdf?forceDownload=1,https://cdn0.erstegroup.com/content/dam/at/eh/www_erstegroup_com/en/Investor_Relations/onlineAR2023/ar23reports/AR2023_non-financial_report_en.pdf?forceDownload=1,Standalone
EuroTeleSites AG,NO_PDFS,,,https://www.wienerborse.at/aktien-prime-market/eurotelesites-ag-AT000000ETS9/unternehmensprofil/?c2093%5Bfile%5D=BaBRehlmZ8XsfkdzlIFamw,https://www.wienerborse.at/en/stock-prime-market/eurotelesites-ag-AT000000ETS9/company-profile/?c11403%5Bfile%5D=npOykuS5gdkWajaYGKDIzQ,,,
EVN AG,Complete,https://www.wienerborse.at/aktien-prime-market/evn-ag-AT0000741053/unternehmensprofil/?c2093%5Bfile%5D=tPemd9k50F0J5MYZ9v77yw,https://www.wienerborse.at/en/stock-prime-market/evn-ag-AT0000741053/company-profile/?c11403%5Bfile%5D=sa9ZBQ16Y-NPK0tbJnoulg,https://www.wienerborse.at/aktien-prime-market/evn-ag-AT0000741053/unternehmensprofil/?c2093%5Bfile%5D=u3fdu8C2x5Wy9dE5-BKbCQ,https://www.wienerborse.at/en/stock-prime-market/evn-ag-AT0000741053/company-profile/?c11403%5Bfile%5D=iBAEvUjKZDb4sUhsNWjRZA,https://www.evn.at/getmedia/9b032d11-3933-42e6-b1f5-56e8aa408bfa/EVN-Ganzheitsbericht-2022-23.pdf,https://www.evn.at/getmedia/68fd3187-a23a-4877-860c-bba6494a598c/07_Consolidated-non-financial-report.pdf,Standalone
FACC AG,Complete,https://www.wienerborse.at/aktien-prime-market/facc-ag-AT00000FACC2/unternehmensprofil/?c2093%5Bfile%5D=Z_Fijd0W7X_ncBr2-ucOUw,https://www.wienerborse.at/en/stock-prime-market/facc-ag-AT00000FACC2/company-profile/?c11403%5Bfile%5D=IxEAx0TD2J1MBIcB8ePBDQ,https://www.wienerborse.at/aktien-prime-market/facc-ag-AT00000FACC2/unternehmensprofil/?c2093%5Bfile%5D=YpVFV7Um6lsP0gqh_WHGQQ,https://www.wienerborse.at/en/stock-prime-market/facc-ag-AT00000FACC2/company-profile/?c11403%5Bfile%5D=fOOJHyZk2C4gEsLcvK6gcQ,https://www.facc.com/content/download/2528403/file/FACC-GB2023_final.pdf,https://www.facc.com/en/content/download/2072764/file/FACC_Sustainability_Report_2022.pdf,year 2022
Flughafen Wien AG,NO_PDF_DE,,https://www.wienerborse.at/en/stock-prime-market/flughafen-wien-ag-AT00000VIE62/company-profile/?c11403%5Bfile%5D=WNEaeiiUgwZwe02Wfr4q6Q,https://www.wienerborse.at/aktien-prime-market/flughafen-wien-ag-AT00000VIE62/unternehmensprofil/?c2093%5Bfile%5D=1v83ptCEyv-k90Q6AsG8vg,,https://www.viennaairport.com/jart/prj3/va/uploads/data-uploads/IR/2024/Geschaeftsbericht%202023%20DE.pdf,https://www.viennaairport.com/jart/prj3/va/uploads/data-uploads/IR/2024/Annual%20Financial%20Report%202023%20EN.pdf,Integrated Report
FREQUENTIS AG,NO_PDF_DE,,https://www.wienerborse.at/en/stock-prime-market/frequentis-ag-ATFREQUENT09/company-profile/?c11403%5Bfile%5D=_l1_8snJaYu0XE6cYCLHXw,https://www.wienerborse.at/aktien-prime-market/frequentis-ag-ATFREQUENT09/unternehmensprofil/?c2093%5Bfile%5D=T3efyYZbjgkh_eV9mufvtQ,,https://www.frequentis.com/sites/default/files/support/2024-04/Frequentis_Nichtfinanzieller-Bericht_2023.pdf,https://www.frequentis.com/sites/default/files/support/2024-04/Frequentis_Non-financial-Report_2023.pdf,Standalone
Immofinanz AG,NO_PDF_DE,,https://www.wienerborse.at/en/stock-prime-market/immofinanz-ag-AT0000A21KS2/company-profile/?c11403%5Bfile%5D=zqqzx9QnVXX47Fb6HyrjCA,https://www.wienerborse.at/aktien-prime-market/immofinanz-ag-AT0000A21KS2/unternehmensprofil/?c2093%5Bfile%5D=Go5a0rNDRPoJCFO9wDPHRw,,https://graph.immofinanz.com/api/v1/attachment/660680f7e80bd17691bcd4b9/download/de,https://graph.immofinanz.com/api/v1/attachment/66068102e80bd17691bcd4bb/download/en,Standalone
Kapsch TrafficCom AG,Complete,https://www.wienerborse.at/aktien-prime-market/kapsch-trafficcom-ag-AT000KAPSCH9/unternehmensprofil/?c2093%5Bfile%5D=KUsZfu7vgW69jEBf-1Z46Q,https://www.wienerborse.at/en/stock-prime-market/kapsch-trafficcom-ag-AT000KAPSCH9/company-profile/?c11403%5Bfile%5D=D_Vm5sInnUCadydB08XFcw,https://www.wienerborse.at/aktien-prime-market/kapsch-trafficcom-ag-AT000KAPSCH9/unternehmensprofil/?c2093%5Bfile%5D=yJIFTlWjtM4Of-KIx3RcLQ,,https://www.kapsch.net/_Resources/Persistent/cfaf01fec6a78402f0b37ba2d50d31e810525bf6/KTC_Nichtfinanzieller_Bericht_2023-24.pdf,https://www.kapsch.net/_Resources/Persistent/d520b9e81680e3bcee7ce223937baeb1d8d478bc/KTC_Non-Financial_Report_2023-24.pdf,Standalone
Lenzing AG,Complete,https://www.wienerborse.at/aktien-prime-market/lenzing-ag-AT0000644505/unternehmensprofil/?c2093%5Bfile%5D=5BqtlB1i0o3N1a0bLgDO_Q,https://www.wienerborse.at/en/stock-prime-market/lenzing-ag-AT0000644505/company-profile/?c11403%5Bfile%5D=nHBsAPDuk2Bzmjf-LDTaoA,https://www.wienerborse.at/aktien-prime-market/lenzing-ag-AT0000644505/unternehmensprofil/?c2093%5Bfile%5D=w3aflafO3I2m2DrO-e5FSA,,https://reports.lenzing.com/geschaefts-und-nachhaltigkeitsbericht/2023/_assets/downloads/sus-sustainability-report-lenzing-gb23.pdf,https://reports.lenzing.com/annual-and-sustainability-report/2023/_assets/downloads/sus-sustainability-report-lenzing-ar23.pdf,Standalone
Mayr-Melnhof Karton AG,Complete,https://www.wienerborse.at/aktien-prime-market/mayr-melnhof-karton-ag-AT0000938204/unternehmensprofil/?c2093%5Bfile%5D=e8UZ78WzOx_9rmc_0x0_cQ,https://www.wienerborse.at/en/stock-prime-market/mayr-melnhof-karton-ag-AT0000938204/company-profile/?c11403%5Bfile%5D=ZlO5X7Q0goZ6FQHV9L38mg,https://www.wienerborse.at/aktien-prime-market/mayr-melnhof-karton-ag-AT0000938204/unternehmensprofil/?c2093%5Bfile%5D=OigwgwRrIf17ad2TxPzmFQ,,https://www.mm.group/fileadmin/user_upload/Media_Library_MMAG/Fuer_Investoren/Berichte/2023/MM_Konsolidierter_nichtfinanzieller_Bericht_2023.pdf,https://mm.group/wp-content/uploads/MM_Consolidated_non-financial_report_2023-1.pdf,Standalone
Oesterreichische Post AG,NO_PDF_DE,,https://www.wienerborse.at/en/stock-prime-market/oesterreichische-post-ag-AT0000APOST4/company-profile/?c11403%5Bfile%5D=w-vv_OIcoBiPh2GEa6hnlw,https://www.wienerborse.at/aktien-prime-market/oesterreichische-post-ag-AT0000APOST4/unternehmensprofil/?c2093%5Bfile%5D=vBJfPiboU2odr8HV_JT88w,https://www.wienerborse.at/en/stock-prime-market/oesterreichische-post-ag-AT0000APOST4/company-profile/?c11403%5Bfile%5D=rHGCxpZGhcY7DaEePdqONA,https://assets.post.at/-/media/Dokumente/De/Investor-Relations/Geschaefts--und-Nachhaltigkeitsberichte/Oesterreichische-Post-Nachhaltigkeitsbericht-2023.pdf?rev=1cbbcc4e-d554-4620-87c0-22d8730197fb&_ga=2.255130700.559713677.1720448626-1892400620.1720448626&_gl=1*89nfqk*_gcl_au*NjI4NDMzNTQuMTcyMDQ0ODYyNg..*_ga*MTg5MjQwMDYyMC4xNzIwNDQ4NjI2*_ga_M3WMVH224H*MTcyMDQ0ODYyNi4xLjEuMTcyMDQ0ODYyNy41OS4wLjA.,https://assets.post.at/-/media/Dokumente/En/Investor-Relations/Geschaefts--und-Nachhaltigkeitsberichte/Austrian-Post-Sustainability-Report-2023.pdf,Standalone
OMV AG,NO_PDFS,,,https://www.wienerborse.at/aktien-prime-market/omv-ag-AT0000743059/unternehmensprofil/?c2093%5Bfile%5D=kANXMqXVdjq5c8_vjAF-kg,https://www.wienerborse.at/en/stock-prime-market/omv-ag-AT0000743059/company-profile/?c11403%5Bfile%5D=bj7g1XRWUB_Pfda7EVepXA,https://www.omv.com/services/downloads/00/omv.com/1522251631115/omv-nachhaltigkeitsbericht-2023.pdf,https://www.omv.com/downloads/2024/11/e7bc7980-ebf2-881c-ca8c-db7897754d9c/omv-sustainability-report-2023.pdf,Standalone
Palfinger AG,Complete,https://www.wienerborse.at/aktien-prime-market/palfinger-ag-AT0000758305/unternehmensprofil/?c2093%5Bfile%5D=X50tv_BrRLsEtpQX5l3GKA,https://www.wienerborse.at/en/stock-prime-market/palfinger-ag-AT0000758305/company-profile/?c11403%5Bfile%5D=j0ODT4jiZtzk-xGcI3xJKA,https://www.wienerborse.at/aktien-prime-market/palfinger-ag-AT0000758305/unternehmensprofil/?c2093%5Bfile%5D=iFpblvKw1Sv9I23QUpVLMg,https://www.wienerborse.at/en/stock-prime-market/palfinger-ag-AT0000758305/company-profile/?c11403%5Bfile%5D=Yp19ujkTGHDmLyqU6CJeTA,https://assets.palfinger.com/importdata/corporate/sustainability/2024/Konsolidierte%20nichtfinanzielle%20Erkl%C3%A4rung%202023_DE.pdf,https://assets.palfinger.com/importdata/corporate/sustainability/2024/Konsolidierte%20nichtfinanzielle%20Erkl√§rung%202023_EN.pdf,Standalone
PIERER Mobility AG,Complete,https://www.wienerborse.at/aktien-prime-market/pierer-mobility-ag-AT0000KTMI02/unternehmensprofil/?c2093%5Bfile%5D=rGgeAhLX0s6u13eiELvypw,https://www.wienerborse.at/en/stock-prime-market/pierer-mobility-ag-AT0000KTMI02/company-profile/?c11403%5Bfile%5D=wAb2ytvkQCkAFImIEUNz3w,https://www.wienerborse.at/aktien-prime-market/pierer-mobility-ag-AT0000KTMI02/unternehmensprofil/?c2093%5Bfile%5D=Uy5wjNXZefae91XtyKnJZg,https://www.wienerborse.at/en/stock-prime-market/pierer-mobility-ag-AT0000KTMI02/company-profile/?c11403%5Bfile%5D=QqjhlVOyCtALJFKNWR4uSg,https://reports.pierermobility.com/epaper/2024/epaper-nachhaltigkeit-de/index.html#4,https://www.pierermobility.com/api/assets/14991239,Standalone
POLYTEC Holding AG,NO_PDF_DE,,https://www.wienerborse.at/en/stock-prime-market/polytec-holding-ag-AT0000A00XX9/company-profile/?c11403%5Bfile%5D=T4Cwy18-NoxQN4CniAlMww,https://www.wienerborse.at/aktien-prime-market/polytec-holding-ag-AT0000A00XX9/unternehmensprofil/?c2093%5Bfile%5D=cB-CNMDPQs7sHzhA6lu3FQ,,https://www.polytec-group.com/fileadmin/CORPORATE_WEBSITE/04_INVESTOR_RELATIONS/06_Publikationen/Berichte/Jahresfinanzberichte/2023/POLYTEC_GB23_de.pdf,https://www.polytec-group.com/fileadmin/CORPORATE_WEBSITE/04_INVESTOR_RELATIONS/06_Publikationen/Berichte/Jahresfinanzberichte/2023/POLYTEC_GB23_en.pdf,Integrated Report
PORR AG,NO_PDF_DE,,https://www.wienerborse.at/en/stock-prime-market/porr-ag-AT0000609607/company-profile/?c11403%5Bfile%5D=YqHLxKfQuLlBmWFx5XXbEQ,https://www.wienerborse.at/aktien-prime-market/porr-ag-AT0000609607/unternehmensprofil/?c2093%5Bfile%5D=2kCbEK3x7WhulcSAQTcPiQ,,https://porr-group.com/fileadmin/s_porr-group/IR/Konzernberichte/2023/PORR_Geschaeftsbericht_2023_de_sec.pdf,https://porr-group.com/fileadmin/s_porr-group/IR/Konzernberichte/2023/PORR_Geschaeftsbericht_2023_en_sec.pdf,Integrated Report
Raiffeisen Bank Internat. AG,NO_PDFS,,,https://www.wienerborse.at/aktien-prime-market/raiffeisen-bank-internat-ag-AT0000606306/unternehmensprofil/?c2093%5Bfile%5D=iSPb8YdSSM1Ihe2As3YTaA,https://www.wienerborse.at/en/stock-prime-market/raiffeisen-bank-internat-ag-AT0000606306/company-profile/?c11403%5Bfile%5D=uMNXrffSvoShstIAs4yScA,https://www.raiffeisen.at/resources/ooe/rlb/downloads/nachhaltigkeit/nachhaltigkeitsbericht-2023.pdf,https://www.rbinternational.com/content/dam/rbi/ho/home/sustainability-esg/governance/sustainability-reports/english/RBI%20Sustainability%20Report%202023.pdf.coredownload.pdf,Standalone
RHI Magnesita N.V.,NO_DE,,https://www.wienerborse.at/en/stock-prime-market/rhi-magnesita-nv-NL0012650360/company-profile/?c11403%5Bfile%5D=7HFOeDEAdG3bmGhfklFUOg,,https://www.wienerborse.at/en/stock-prime-market/rhi-magnesita-nv-NL0012650360/company-profile/?c11403%5Bfile%5D=q-I8ED_4uxgvqqPm4y-ojQ,,https://www.rhimagnesita.com/wp-content/uploads/2024/04/rhim-sustainability-report-2023-final-2.pdf,Standalone
Rosenbauer International AG,NO_PDF_DE,,https://www.wienerborse.at/en/stock-prime-market/rosenbauer-international-ag-AT0000922554/company-profile/?c11403%5Bfile%5D=xwORRIW7VaC0PhyI_TkO9Q,https://www.wienerborse.at/aktien-prime-market/rosenbauer-international-ag-AT0000922554/unternehmensprofil/?c2093%5Bfile%5D=In5cdX1S9GaASAFqv1NRRg,,https://bericht.rosenbauer.com/2023/wp-content/uploads/RB_Nachhaltigkeitsbericht_2023.pdf,https://bericht.rosenbauer.com/2023/wp-content/uploads/RB_Sustainability_Report_2023.pdf,Standalone
S IMMO AG,NO_PDF_DE,,https://www.wienerborse.at/en/stock-prime-market/s-immo-ag-AT0000652250/company-profile/?c11403%5Bfile%5D=ZbUQNnRbUtFu1EhjdkA2Qg,https://www.wienerborse.at/aktien-prime-market/s-immo-ag-AT0000652250/unternehmensprofil/?c2093%5Bfile%5D=N0uT4N0w1jwEiqiopnRm-Q,,https://www.simmoag.at/fileadmin/redakteur/Investor_Relations/Berichte/2023/S-IMMO-AG-Nichtfinanzieller-Bericht-2023.pdf,https://www.simmoag.at/fileadmin/redakteur/Investor_Relations/Berichte/2023/S-IMMO-AG-Non-financial-Report-2023.pdf,Standalone
SCHOELLER-BLECKMANN AG,NO_PDF_DE,,https://www.wienerborse.at/en/stock-prime-market/schoeller-bleckmann-ag-AT0000946652/company-profile/?c11403%5Bfile%5D=fIX0Ltlvv0dlX-kXJ_gJng,https://www.wienerborse.at/aktien-prime-market/schoeller-bleckmann-ag-AT0000946652/unternehmensprofil/?c2093%5Bfile%5D=5Ku6mZ00SiEAMocBDZjR_Q,,https://www.sbo.at/cms/download.php?downloadId=1648&languageId=1,https://www.sbo.at/cms/download.php?downloadId=1647&languageId=2,Integrated Report
Semperit AG Holding,NO_PDF_DE,,https://www.wienerborse.at/en/stock-prime-market/semperit-ag-holding-AT0000785555/company-profile/?c11403%5Bfile%5D=P2E4zlAJ_Xnq8_Ir_d9llA,https://www.wienerborse.at/aktien-prime-market/semperit-ag-holding-AT0000785555/unternehmensprofil/?c2093%5Bfile%5D=7FXKKsBoLZtcRlM-ciOOHg,,https://www.semperitgroup.com/fileadmin/user_upload/MediaLibrary/SemperitGroup/Company/Sustainability/Nachhaltigkeitsbericht/Semperit_SustainabilityReport_2023_DE.pdf,https://www.semperitgroup.com/fileadmin/user_upload/MediaLibrary/SemperitGroup/Company/Sustainability/Nachhaltigkeitsbericht/Semperit_Sustainability_Report_2023_EN.pdf,Standalone
STRABAG SE,NO_PDFS,,,https://www.wienerborse.at/aktien-prime-market/strabag-se-AT000000STR1/unternehmensprofil/?c2093%5Bfile%5D=AjWqKyqCNWxLcuQSLk5hQA,https://www.wienerborse.at/en/stock-prime-market/strabag-se-AT000000STR1/company-profile/?c11403%5Bfile%5D=WXbicfr53VZFFMqrMzlXAw,https://www.strabag.com/databases/internet/_public/files.nsf/SearchView/B2FAE41C25A3CBF3C1258B0A001B37F6/$File/Gesch%C3%A4fts-%20und%20Nachhaltigkeitsbericht%202023.pdf?OpenElement,https://www.strabag.com/databases/internet/_public/files.nsf/SearchView/8CFD0595D9417F7AC1258B0A001B1977/$File/Annual%20and%20Sustainability%20Report%202023.pdf?OpenElement,Integrated Report
Telekom Austria AG,NO_PDF_DE,,https://www.wienerborse.at/en/stock-prime-market/telekom-austria-ag-AT0000720008/company-profile/?c11403%5Bfile%5D=_NsuejRer8KrwGJ80glTXg,https://www.wienerborse.at/aktien-prime-market/telekom-austria-ag-AT0000720008/unternehmensprofil/?c2093%5Bfile%5D=bQ7oC2GzvjHaf6mC-xv7dg,https://www.wienerborse.at/en/stock-prime-market/telekom-austria-ag-AT0000720008/company-profile/?c11403%5Bfile%5D=KTRKftX487CP_98KVgiQtw,https://a1.group/wp-content/uploads/sites/6/2024/03/A1_Group_NFB_2023.pdf,https://a1.group/wp-content/uploads/sites/6/2024/12/A1_Group_NFR_2023.pdf,Standalone
UBM Development AG,NO_PDF_DE,,https://www.wienerborse.at/en/stock-prime-market/ubm-development-ag-AT0000815402/company-profile/?c11403%5Bfile%5D=AfqxZR6_Vz6rZ-QlRcFqlg,https://www.wienerborse.at/aktien-prime-market/ubm-development-ag-AT0000815402/unternehmensprofil/?c2093%5Bfile%5D=MIwew5RaA65vwPRsZ10XIg,,,https://www.ubm-development.com/wp-content/uploads/2024/04/ubm-nachhaltigkeitsbericht-2023_en_sec.pdf,Standalone
UNIQA Insurance Group AG,NO_PDF_DE,,https://www.wienerborse.at/en/stock-prime-market/uniqa-insurance-group-ag-AT0000821103/company-profile/?c11403%5Bfile%5D=F5pUPxG8sssk_JMJw7lrNA,https://www.wienerborse.at/aktien-prime-market/uniqa-insurance-group-ag-AT0000821103/unternehmensprofil/?c2093%5Bfile%5D=K1GU5677GVoYbakaDCqJIg,,https://www.uniqagroup.com/grp/investor-relations/publications/UNIQA_Nichtfinanzieller_Bericht_2023_DE.pdf,https://www.uniqagroup.com/grp/investor-relations/publications/UNIQA_Non-Financial_Report_2023_EN.pdf,Standalone
VERBUND AG Kat. A,NO_PDFS,,,https://www.wienerborse.at/aktien-prime-market/verbund-ag-kat-a-AT0000746409/unternehmensprofil/?c2093%5Bfile%5D=2vFPa2OK7ufoLQ2yDLGHow,https://www.wienerborse.at/en/stock-prime-market/verbund-ag-kat-a-AT0000746409/company-profile/?c11403%5Bfile%5D=baDpyF0erk1_gyx0QbMdLw,https://www.verbund.com/-/media/verbund/ueber-verbund/investor-relations/finanzpublikationen/de/2024/verbund-integrierter_geschaeftsbericht_2023_deutsch.ashx,https://www.verbund.com/-/media/verbund/ueber-verbund/investor-relations/finanzpublikationen/en/2024/verbund-integrated-annual-report-2023-englisch.ashx,Integrated Report
VIENNA INSURANCE GROUP AG,NO_PDFS,,,https://www.wienerborse.at/aktien-prime-market/vienna-insurance-group-ag-AT0000908504/unternehmensprofil/?c2093%5Bfile%5D=XdGoY7hB33ht4XRFuUHSYg,https://www.wienerborse.at/en/stock-prime-market/vienna-insurance-group-ag-AT0000908504/company-profile/?c11403%5Bfile%5D=KxSdQk-am2e9dY1gRYoDoA,https://group.vig/media/jqebv43k/2023-vig-nachhaltigkeitsbericht.pdf,https://reports.voestalpine.com/2024/cr-report/_assets/downloads/umwelt-va-crr24.pdf,Standalone
voestalpine AG,Complete,https://www.wienerborse.at/aktien-prime-market/voestalpine-ag-AT0000937503/unternehmensprofil/?c2093%5Bfile%5D=iHRA5ElmPevCcn6O6aLtUg,https://www.wienerborse.at/en/stock-prime-market/voestalpine-ag-AT0000937503/company-profile/?c11403%5Bfile%5D=_QgyA2FcOqk9HEjyjLX16A,https://www.wienerborse.at/aktien-prime-market/voestalpine-ag-AT0000937503/unternehmensprofil/?c2093%5Bfile%5D=YNM-lRIsQPitzXawiXfJ8g,,https://reports.voestalpine.com/2024/cr-bericht/_assets/downloads/entire-va-crb24.pdf,,
Warimpex Finanz- und Bet. AG,NO_PDF_DE,,https://www.wienerborse.at/en/stock-prime-market/warimpex-finanz-und-bet-ag-AT0000827209/company-profile/?c11403%5Bfile%5D=VZJ8KHHaHVDRHEigiuP4FQ,https://www.wienerborse.at/aktien-prime-market/warimpex-finanz-und-bet-ag-AT0000827209/unternehmensprofil/?c2093%5Bfile%5D=J4kI_CRBJtcbEl2IVdC0Eg,,,,
Wienerberger AG,NO_PDF_DE,,https://www.wienerborse.at/en/stock-prime-market/wienerberger-ag-AT0000831706/company-profile/?c11403%5Bfile%5D=yTY8hBgHSKfvSRoOXX20Ag,https://www.wienerborse.at/aktien-prime-market/wienerberger-ag-AT0000831706/unternehmensprofil/?c2093%5Bfile%5D=pSqtxYUXsvdFiGclaWL6mw,https://www.wienerborse.at/en/stock-prime-market/wienerberger-ag-AT0000831706/company-profile/?c11403%5Bfile%5D=RdY8p0ewQtZiNRPoE5qw3A,https://www.wienerberger.com/content/dam/corp/corporate-website/downloads/sustainability/2023/2023-wienerberger-Nachhaltigkeitsbericht.pdf,https://annualreport.wienerberger.com/2023/_assets/downloads/sst-sustainability-report-wb-ar23.pdf,Standalone
Zumtobel Group AG,NO_PDF_DE,,https://www.wienerborse.at/en/stock-prime-market/zumtobel-group-ag-AT0000837307/company-profile/?c11403%5Bfile%5D=PRZjCyQodIvbT9dd9IEhbw,https://www.wienerborse.at/aktien-prime-market/zumtobel-group-ag-AT0000837307/unternehmensprofil/?c2093%5Bfile%5D=4fkDTqrLRk_hAtvJoG8Zew,,https://z.lighting/documents/3078/Zumtobel_Group_-_Jahresfinanzbericht_2023-24.pdf,https://z.lighting/documents/3201/NHB_2023_24_EN_V2.pdf,Standalone